sample_seed,SVM_error,LR_error
10,0.06268626040489159,0.070933100400781
